Year,Yearly_Budget,Change_From_Last,Percent_Change
2020,2249095580.08,NA,NA
2021,2251806073.77,2710493.690000057,0.12
2022,2334406349,82600275.23000002,3.67
2023,1220043900,-1114362449,-47.74
